Product,Category,Cost Price
Blender,Kitchen,60
Laptop,Electronics,550
Microwave,Kitchen,120
Headphones,Electronics,40
Toaster,Kitchen,30
Smartphone,Electronics,600
Desk Lamp,Home,25
Air Fryer,Kitchen,90
Monitor,Electronics,180
Vacuum Cleaner,Home,150
